{
	"typescript.reloadProjects.title": "Reload TypeScript Project",
	"javascript.reloadProjects.title": "Reload JavaScript Project",
	"configuration.typescript": "TypeScript",
	"typescript.useCodeSnippetsOnMethodSuggest.dec": "Complete functions with their parameter signature.",
	"typescript.tsdk.desc": "Specifies the folder path containing the tsserver and lib*.d.ts files to use.",
	"typescript.tsdk_version.desc": "Specifies the version of the tsserver. Only necessary if the tsserver is not installed using npm.",
	"typescript.experimentalAutomaticTypeAcquisition": "Enable automatic type acquisition. Requirs TypeScript >= 2.0.6 and a restart after changing it.",
	"typescript.check.workspaceVersion": "Check if a TypeScript version is available in the workspace",
	"typescript.check.tscVersion": "Check if a global install TypeScript compiler (e.g. tsc) differs from the used TypeScript language service.",
	"typescript.tsserver.trace": "Enables tracing of messages send to the TS server",
	"typescript.tsserver.experimentalAutoBuild": "Enables experimental auto build. Requires 1.9 dev or 2.x tsserver version and a restart of VS Code after changing it.",
	"typescript.validate.enable": "Enable/disable TypeScript validation",
	"typescript.format.enable": "Enable/disable default TypeScript formatter",
	"javascript.format.enable": "Enable/disable default JavaScript formatter",
	"format.insertSpaceAfterCommaDelimiter": "Defines space handling after a comma delimiter",
	"format.insertSpaceAfterSemicolonInForStatements": " Defines space handling after a semicolon in a for statement",
	"format.insertSpaceBeforeAndAfterBinaryOperators": "Defines space handling after a binary operator",
	"format.insertSpaceAfterKeywordsInControlFlowStatements": "Defines space handling after keywords in control flow statement",
	"format.insertSpaceAfterFunctionKeywordForAnonymousFunctions": "Defines space handling after function keyword for anonymous functions",
	"format.insertSpaceAfterOpeningAndBeforeClosingNonemptyParenthesis": "Defines space handling after opening and before closing non empty parenthesis",
	"format.insertSpaceAfterOpeningAndBeforeClosingNonemptyBrackets": "Defines space handling after opening and before closing non empty brackets",
	"format.insertSpaceAfterOpeningAndBeforeClosingTemplateStringBraces": "Defines space handling after opening and before closing template string braces. Requirs TypeScript >= 2.0.6",
	"format.insertSpaceAfterOpeningAndBeforeClosingJsxExpressionBraces": "Defines space handling after opening and before closing JSX expression braces. Requirs TypeScript >= 2.0.6",
	"format.placeOpenBraceOnNewLineForFunctions": "Defines whether an open brace is put onto a new line for functions or not",
	"format.placeOpenBraceOnNewLineForControlBlocks": "Defines whether an open brace is put onto a new line for control blocks or not",
	"javascript.validate.enable": "Enable / disable JavaScript validation"
}